{
  "assetsByChunkName": {
    "component---src-pages-index-js": [
      "component---src-pages-index-js-02663366d940921cf9c7.js",
      "component---src-pages-index-js-02663366d940921cf9c7.js.map"
    ],
    "path---": [
      "path----557518bd178906f8d58a.js",
      "path----557518bd178906f8d58a.js.map"
    ],
    "component---src-pages-contact-js": [
      "component---src-pages-contact-js-bcdd2651771af2c35fda.js",
      "component---src-pages-contact-js-bcdd2651771af2c35fda.js.map"
    ],
    "component---src-layouts-index-js": [
      "component---src-layouts-index-js-8d1080a1154f9eb579a0.js",
      "component---src-layouts-index-js-8d1080a1154f9eb579a0.js.map"
    ],
    "path---index": [
      "path---index-a0e39f21c11f6a62c5ab.js",
      "path---index-a0e39f21c11f6a62c5ab.js.map"
    ],
    "component---src-pages-resume-js": [
      "component---src-pages-resume-js-2be56db2aaa681f4a549.js",
      "component---src-pages-resume-js-2be56db2aaa681f4a549.js.map"
    ],
    "component---src-pages-404-js": [
      "component---src-pages-404-js-4503918ea3a16cfcdb75.js",
      "component---src-pages-404-js-4503918ea3a16cfcdb75.js.map"
    ],
    "commons": [
      "commons-e0a4d3a61ab0efef38cf.js",
      "commons-e0a4d3a61ab0efef38cf.js.map"
    ],
    "path---404-html": [
      "path---404-html-a0e39f21c11f6a62c5ab.js",
      "path---404-html-a0e39f21c11f6a62c5ab.js.map"
    ],
    "path---contact": [
      "path---contact-a0e39f21c11f6a62c5ab.js",
      "path---contact-a0e39f21c11f6a62c5ab.js.map"
    ],
    "path---portfolio": [
      "path---portfolio-a0e39f21c11f6a62c5ab.js",
      "path---portfolio-a0e39f21c11f6a62c5ab.js.map"
    ],
    "path---resume": [
      "path---resume-a0e39f21c11f6a62c5ab.js",
      "path---resume-a0e39f21c11f6a62c5ab.js.map"
    ],
    "app": [
      "app-75224559f53c5b996626.js",
      "build-js-styles.css",
      "app-75224559f53c5b996626.js.map",
      "build-js-styles.css.map"
    ],
    "component---src-pages-portfolio-js": [
      "component---src-pages-portfolio-js-a965c3e8eecc93ddb32d.js",
      "component---src-pages-portfolio-js-a965c3e8eecc93ddb32d.js.map"
    ],
    "path---404": [
      "path---404-a0e39f21c11f6a62c5ab.js",
      "path---404-a0e39f21c11f6a62c5ab.js.map"
    ]
  }
}